{"Morgan":[0.546,0.3325,0.6879],"Tommy":[0.5454,0.756554,0.84594]}